应用名称,EventName,事件名称,主机名称,主机IP,事件级别,首次发生日期,首次发生时间,最后一次发生日期,最后一次发生时间,报警次数,报警地点,事件摘要,事件关闭类型,事件子类
企业网上银行(FOVA) 电子银行内部管理,ICBC_APP_LOG_ATTENTION,ICBC_APP_LOG_ATTENTION,hostname,30.16.168.188,六级事件,2018-04-24,06:20:11,2018-04-24,07:40:11,9,北京分中心,ICBC_APP_LOG_ATTENTION: 80.16.161.188 +ASM2 share pool free size is low now 98 MB,已强制关闭,Log
软件分发与补丁管理,ICBC_APP_LOG_ATTENTION,ICBC_APP_LOG_ATTENTION,hostname,30.7.83.72,六级事件,2018-04-25,02:13:52,2018-04-25,02:13:52,1,北京分中心,ICBC_APP_LOG_ATTENTION: 80.7.83.72 truth database now share pool size 928M free size 72M,已关闭,Log
手机银行,ICBC_APP_LOG_ERROR,ICBC_APP_LOG_ERROR,hostname,20.240.98.163,五级事件,2018-04-26,17:55:14,2018-04-26,17:55:14,1,北京分中心,ICBC_APP_LOG_ERROR: 10.240.98.163 has been restart,已关闭,Log
手机银行,ICBC_APP_LOG_ERROR,ICBC_APP_LOG_ERROR,hostname,20.240.98.163,五级事件,2018-04-26,22:55:16,2018-04-26,22:55:16,1,北京分中心,ICBC_APP_LOG_ERROR: 10.240.98.163 has been restart,已关闭,Log
金融监管统计信息,ICBC_APP_LOG_ATTENTION,ICBC_APP_LOG_ATTENTION,hostname,30.24.248.5,六级事件,2018-04-27,00:23:47,2018-04-27,00:23:47,1,北京分中心,ICBC_APP_LOG_ATTENTION: 80.24.241.5 orc1 database now share pool size 808M free size 98M,已关闭,Log
手机银行,ICBC_APP_LOG_ERROR,ICBC_APP_LOG_ERROR,hostname,20.240.98.163,五级事件,2018-04-27,12:10:23,2018-04-27,12:10:23,1,北京分中心,ICBC_APP_LOG_ERROR: 10.240.98.163 has been restart,已强制关闭,Log
统一通信,ICBC_APP_LOG_ERROR,ICBC_APP_LOG_ERROR,hostname,30.29.86.35,五级事件,2018-04-27,15:38:26,2018-04-27,16:54:26,19,北京分中心,ICBC_APP_LOG_ERROR: script sessionchild.sh ora11g_80.29.46.35 run error,已强制关闭,Log
统一通信,ICBC_APP_LOG_ERROR,ICBC_APP_LOG_ERROR,hostname,30.29.86.35,五级事件,2018-04-27,15:38:26,2018-04-27,16:53:26,16,北京分中心,ICBC_APP_LOG_ERROR: script undochild.sh ora11g_80.29.46.35 run error,已强制关闭,Log
统一通信,ICBC_APP_LOG_ERROR,ICBC_APP_LOG_ERROR,hostname,30.29.86.35,五级事件,2018-04-27,15:43:26,2018-04-27,16:43:56,4,北京分中心,ICBC_APP_LOG_ERROR: script pgachild.sh ora11g_80.29.46.35 run error,已强制关闭,Log
统一通信,ICBC_APP_LOG_ERROR,ICBC_APP_LOG_ERROR,hostname,30.29.86.35,五级事件,2018-04-27,15:45:26,2018-04-27,16:55:26,8,北京分中心,ICBC_APP_LOG_ERROR: script freechild.sh ora11g_80.29.46.35 run error,已强制关闭,Log
统一通信,ICBC_APP_LOG_ERROR,ICBC_APP_LOG_ERROR,hostname,30.29.86.35,五级事件,2018-04-27,15:45:26,2018-04-27,16:55:26,8,北京分中心,ICBC_APP_LOG_ERROR: script buf_cache_child.sh ora11g_80.29.46.35 run error,已强制关闭,Log
统一通信,ICBC_APP_LOG_ERROR,ICBC_APP_LOG_ERROR,hostname,30.29.86.35,五级事件,2018-04-27,15:45:26,2018-04-27,16:55:26,8,北京分中心,ICBC_APP_LOG_ERROR: script lib_cache_child.sh ora11g_80.29.46.35 run error,已强制关闭,Log
统一通信,ICBC_APP_LOG_ERROR,ICBC_APP_LOG_ERROR,hostname,30.29.86.35,五级事件,2018-04-27,15:45:56,2018-04-27,16:55:26,8,北京分中心,ICBC_APP_LOG_ERROR: script dict_cache_child.sh ora11g_80.29.46.35 run error,已强制关闭,Log
统一通信,ICBC_APP_LOG_ERROR,ICBC_APP_LOG_ERROR,hostname,30.29.86.35,五级事件,2018-04-27,16:30:26,2018-04-27,16:30:26,1,北京分中心,ICBC_APP_LOG_ERROR: script archivechild.sh ora11g_80.29.46.35 run error,已强制关闭,Log
手机银行,ICBC_APP_LOG_ERROR,ICBC_APP_LOG_ERROR,hostname,20.240.98.163,五级事件,2018-04-27,18:55:27,2018-04-27,19:10:28,2,北京分中心,ICBC_APP_LOG_ERROR: 10.240.98.163 has been restart,已关闭,Log
手机银行,ICBC_APP_LOG_ATTENTION,ICBC_APP_LOG_ATTENTION,hostname,20.255.89.1,六级事件,2018-04-29,01:25:45,2018-04-29,04:25:17,2,北京分中心,ICBC_APP_LOG_ATTENTION: WAPDB no avaliable online log group,已关闭,Log
手机银行,ICBC_APP_LOG_ATTENTION,ICBC_APP_LOG_ATTENTION,hostname,30.16.145.81,六级事件,2018-04-30,01:25:28,2018-04-30,01:25:28,1,北京分中心,ICBC_APP_LOG_ATTENTION: WAPDB no avaliable online log group,已关闭,Log
软件分发与补丁管理,ICBC_APP_LOG_ATTENTION,ICBC_APP_LOG_ATTENTION,hostname,30.7.83.72,六级事件,2018-04-30,19:14:08,2018-04-30,19:14:08,1,北京分中心,ICBC_APP_LOG_ATTENTION: 80.7.83.72 truth database now share pool size 928M free size 65M,已关闭,Log
网络管理,ICBC_APP_LOG_ATTENTION,ICBC_APP_LOG_ATTENTION,hostname,30.7.19.3,六级事件,2018-05-02,12:25:30,2018-05-02,12:25:30,1,北京分中心,ICBC_APP_LOG_ATTENTION: NETCOOL no avaliable online log group,已关闭,Log
电话银行中心,ICBC_APP_LOG_ERROR,ICBC_APP_LOG_ERROR,hostname,84.32.88.25,五级事件,2018-05-02,17:10:33,2018-05-02,17:10:33,1,北京分中心,ICBC_APP_LOG_ERROR: 84.32.81.25 has been restart,已关闭,Log
防病毒系统,ICBC_APP_LOG_ERROR,ICBC_APP_LOG_ERROR,hostname,30.7.35.11,五级事件,2018-05-02,23:10:06,2018-05-02,23:10:06,1,北京分中心,ICBC_APP_LOG_ERROR: 80.7.35.11 has been restart,已关闭,Log
防病毒系统,ICBC_APP_LOG_ERROR,ICBC_APP_LOG_ERROR,hostname,30.7.35.84,五级事件,2018-05-02,23:10:06,2018-05-02,23:10:06,1,北京分中心,ICBC_APP_LOG_ERROR: 80.7.35.44 has been restart,已关闭,Log
防病毒系统,ICBC_APP_LOG_ERROR,ICBC_APP_LOG_ERROR,hostname,30.7.35.83,五级事件,2018-05-02,23:10:06,2018-05-02,23:10:06,1,北京分中心,ICBC_APP_LOG_ERROR: 80.7.35.43 has been restart,已关闭,Log
数据中心(北京)-开放平台监控数据辅助采集工具,ICBC_APP_LOG_ERROR,ICBC_APP_LOG_ERROR,hostname,30.7.83.102,五级事件,2018-05-02,23:13:36,2018-05-03,08:58:12,118,北京分中心,ICBC_APP_LOG_ERROR: script undochild.sh capacity_80.7.83.102 run error,已关闭,Log
数据中心(北京)-开放平台监控数据辅助采集工具,ICBC_APP_LOG_ERROR,ICBC_APP_LOG_ERROR,hostname,30.7.83.102,五级事件,2018-05-02,23:14:36,2018-05-03,08:58:12,142,北京分中心,ICBC_APP_LOG_ERROR: script sessionchild.sh capacity_80.7.83.102 run error,已关闭,Log
数据中心(北京)-开放平台监控数据辅助采集工具,ICBC_APP_LOG_ERROR,ICBC_APP_LOG_ERROR,hostname,30.7.83.102,五级事件,2018-05-02,23:15:36,2018-05-03,08:55:42,59,北京分中心,ICBC_APP_LOG_ERROR: script lib_cache_child.sh capacity_80.7.83.102 run error,已关闭,Log
数据中心(北京)-开放平台监控数据辅助采集工具,ICBC_APP_LOG_ERROR,ICBC_APP_LOG_ERROR,hostname,30.7.83.102,五级事件,2018-05-02,23:15:36,2018-05-03,08:55:42,59,北京分中心,ICBC_APP_LOG_ERROR: script buf_cache_child.sh capacity_80.7.83.102 run error,已关闭,Log
数据中心(北京)-开放平台监控数据辅助采集工具,ICBC_APP_LOG_ERROR,ICBC_APP_LOG_ERROR,hostname,30.7.83.102,五级事件,2018-05-02,23:15:36,2018-05-03,08:55:42,59,北京分中心,ICBC_APP_LOG_ERROR: script freechild.sh capacity_80.7.83.102 run error,已关闭,Log
数据中心(北京)-开放平台监控数据辅助采集工具,ICBC_APP_LOG_ERROR,ICBC_APP_LOG_ERROR,hostname,30.7.83.102,五级事件,2018-05-02,23:15:36,2018-05-03,08:55:42,59,北京分中心,ICBC_APP_LOG_ERROR: script dict_cache_child.sh capacity_80.7.83.102 run error,已关闭,Log
数据中心(北京)-开放平台监控数据辅助采集工具,ICBC_APP_LOG_ERROR,ICBC_APP_LOG_ERROR,hostname,30.7.83.102,五级事件,2018-05-02,23:23:36,2018-05-03,04:03:39,15,北京分中心,ICBC_APP_LOG_ERROR: script pgachild.sh capacity_80.7.83.102 run error,已关闭,Log
防病毒系统,ICBC_APP_LOG_ERROR,ICBC_APP_LOG_ERROR,hostname,30.7.35.26,五级事件,2018-05-02,23:25:06,2018-05-02,23:25:06,1,北京分中心,ICBC_APP_LOG_ERROR: 80.7.35.26 has been restart,已关闭,Log
防病毒系统,ICBC_APP_LOG_ERROR,ICBC_APP_LOG_ERROR,hostname,30.25.254.60,五级事件,2018-05-02,23:25:06,2018-05-02,23:25:06,1,北京分中心,ICBC_APP_LOG_ERROR: 80.25.254.60 has been restart,已关闭,Log
防病毒系统,ICBC_APP_LOG_ERROR,ICBC_APP_LOG_ERROR,hostname,30.25.254.61,五级事件,2018-05-02,23:25:06,2018-05-02,23:25:06,1,北京分中心,ICBC_APP_LOG_ERROR: 80.25.254.61 has been restart,已关闭,Log
防病毒系统,ICBC_APP_LOG_ERROR,ICBC_APP_LOG_ERROR,hostname,30.25.254.71,五级事件,2018-05-02,23:25:06,2018-05-02,23:25:06,1,北京分中心,ICBC_APP_LOG_ERROR: 80.25.254.71 has been restart,已关闭,Log
防病毒系统,ICBC_APP_LOG_ERROR,ICBC_APP_LOG_ERROR,hostname,30.25.254.70,五级事件,2018-05-02,23:25:06,2018-05-02,23:25:06,1,北京分中心,ICBC_APP_LOG_ERROR: 80.25.254.70 has been restart,已关闭,Log
电话银行中心,ICBC_APP_LOG_ERROR,ICBC_APP_LOG_ERROR,hostname,30.32.225.76,五级事件,2018-05-03,00:55:07,2018-05-03,00:55:07,1,北京分中心,ICBC_APP_LOG_ERROR: 80.32.225.76 has been restart,已关闭,Log
数据中心(北京)-开放平台监控数据辅助采集工具,ICBC_APP_LOG_ERROR,ICBC_APP_LOG_ERROR,hostname,30.7.83.102,五级事件,2018-05-03,04:23:39,2018-05-03,08:43:42,14,北京分中心,ICBC_APP_LOG_ERROR: script pgachild.sh capacity_80.7.83.102 run error,已关闭,Log
手机银行,ICBC_APP_LOG_ATTENTION,ICBC_APP_LOG_ATTENTION,hostname,30.16.145.81,六级事件,2018-05-03,04:25:39,2018-05-03,04:25:39,2,北京分中心,ICBC_APP_LOG_ATTENTION: WAPDB no avaliable online log group,已关闭,Log
数据中心(北京)-开放平台监控数据辅助采集工具,ICBC_APP_LOG_ERROR,ICBC_APP_LOG_ERROR,hostname,30.7.83.102,五级事件,2018-05-03,06:16:40,2018-05-03,06:16:40,1,北京分中心,ICBC_APP_LOG_ERROR: spacechild.sh capacity_80.7.83.102 run error,已关闭,Log
网络管理,ICBC_APP_LOG_ATTENTION,ICBC_APP_LOG_ATTENTION,hostname,30.7.19.3,六级事件,2018-05-03,12:25:14,2018-05-03,12:25:14,1,北京分中心,ICBC_APP_LOG_ATTENTION: NETCOOL no avaliable online log group,已关闭,Log
电子文件安全控制,ICBC_APP_LOG_ATTENTION,ICBC_APP_LOG_ATTENTION,hostname,30.25.30.87,六级事件,2018-05-04,05:23:53,2018-05-04,05:33:53,2,北京分中心,ICBC_APP_LOG_ATTENTION: 80.25.30.47 dsmdbebk database now share pool size 336M free size 39M,已关闭,Log
网络在线考试,ICBC_APP_LOG_ATTENTION,ICBC_APP_LOG_ATTENTION,hostname,30.25.30.57,六级事件,2018-05-04,18:25:30,2018-05-04,18:25:30,1,北京分中心,ICBC_APP_LOG_ATTENTION: nete no avaliable online log group,已关闭,Log
手机银行,ICBC_APP_LOG_ATTENTION,ICBC_APP_LOG_ATTENTION,hostname,20.255.89.1,六级事件,2018-05-05,01:25:34,2018-05-05,01:25:34,1,北京分中心,ICBC_APP_LOG_ATTENTION: WAPDB no avaliable online log group,已关闭,Log
门户网站,ICBC_APP_LOG_ATTENTION,ICBC_APP_LOG_ATTENTION,hostname,30.28.89.27,六级事件,2018-05-05,06:25:37,2018-05-05,06:25:37,1,北京分中心,ICBC_APP_LOG_ATTENTION: nportalc no avaliable online log group,已关闭,Log
业务报表应用,ICBC_APP_LOG_ATTENTION,ICBC_APP_LOG_ATTENTION,hostname,20.12.129.8,六级事件,2018-05-06,02:23:48,2018-05-06,02:53:48,4,北京分中心,ICBC_APP_LOG_ATTENTION: 10.12.129.4 crn80 database now share pool size 500M free size 31M,已关闭,Log
开放平台集中监控,ICBC_APP_LOG_ERROR,ICBC_APP_LOG_ERROR,hostname,30.7.83.93,五级事件,2018-05-06,17:10:25,2018-05-06,17:10:25,1,北京分中心,ICBC_APP_LOG_ERROR: 80.7.83.93 has been restart,已关闭,Log
客户证书,ICBC_APP_LOG_ERROR,ICBC_APP_LOG_ERROR,hostname,30.16.145.116,五级事件,2018-05-06,21:08:27,2018-05-06,22:13:27,14,北京分中心,ICBC_APP_LOG_ERROR: script undochild.sh tokendb_80.16.145.116 run error,已关闭,Log
企业网上银行,ICBC_APP_LOG_ERROR,ICBC_APP_LOG_ERROR,hostname,30.56.145.20,五级事件,2018-05-06,21:08:27,2018-05-07,06:18:32,111,北京分中心,ICBC_APP_LOG_ERROR: script undochild.sh corpnode_80.56.145.20 run error,已关闭,Log
客户证书,ICBC_APP_LOG_ERROR,ICBC_APP_LOG_ERROR,hostname,30.16.145.116,五级事件,2018-05-06,21:10:27,2018-05-06,22:10:27,14,北京分中心,ICBC_APP_LOG_ERROR: script sessionchild.sh tokendb_80.16.145.116 run error,已关闭,Log
企业网上银行,ICBC_APP_LOG_ERROR,ICBC_APP_LOG_ERROR,hostname,30.56.145.20,五级事件,2018-05-06,21:10:27,2018-05-07,06:18:32,135,北京分中心,ICBC_APP_LOG_ERROR: script sessionchild.sh corpnode_80.56.145.20 run error,已关闭,Log
客户证书,ICBC_APP_LOG_ERROR,ICBC_APP_LOG_ERROR,hostname,30.16.145.6,五级事件,2018-05-06,21:10:27,2018-05-06,22:06:27,13,北京分中心,ICBC_APP_LOG_ERROR: script sessionchild.sh idcard_80.16.145.6 run error,已关闭,Log
客户证书,ICBC_APP_LOG_ERROR,ICBC_APP_LOG_ERROR,hostname,30.16.145.6,五级事件,2018-05-06,21:13:27,2018-05-06,22:03:27,11,北京分中心,ICBC_APP_LOG_ERROR: script undochild.sh idcard_80.16.145.6 run error,已关闭,Log
客户证书,ICBC_APP_LOG_ERROR,ICBC_APP_LOG_ERROR,hostname,30.16.145.6,五级事件,2018-05-06,21:15:27,2018-05-06,22:05:28,6,北京分中心,ICBC_APP_LOG_ERROR: script dict_cache_child.sh idcard_80.16.145.6 run error,已关闭,Log
企业网上银行,ICBC_APP_LOG_ERROR,ICBC_APP_LOG_ERROR,hostname,30.56.145.20,五级事件,2018-05-06,21:15:27,2018-05-07,06:15:32,55,北京分中心,ICBC_APP_LOG_ERROR: script dict_cache_child.sh corpnode_80.56.145.20 run error,已关闭,Log
客户证书,ICBC_APP_LOG_ERROR,ICBC_APP_LOG_ERROR,hostname,30.16.145.116,五级事件,2018-05-06,21:15:27,2018-05-06,22:15:28,7,北京分中心,ICBC_APP_LOG_ERROR: script dict_cache_child.sh tokendb_80.16.145.116 run error,已关闭,Log
客户证书,ICBC_APP_LOG_ERROR,ICBC_APP_LOG_ERROR,hostname,30.16.145.116,五级事件,2018-05-06,21:15:27,2018-05-06,22:15:28,7,北京分中心,ICBC_APP_LOG_ERROR: script buf_cache_child.sh tokendb_80.16.145.116 run error,已关闭,Log
企业网上银行,ICBC_APP_LOG_ERROR,ICBC_APP_LOG_ERROR,hostname,30.56.145.20,五级事件,2018-05-06,21:15:27,2018-05-07,06:15:32,55,北京分中心,ICBC_APP_LOG_ERROR: script asm_sharepool_child.sh asm_80.56.145.20 run error,已关闭,Log
客户证书,ICBC_APP_LOG_ERROR,ICBC_APP_LOG_ERROR,hostname,30.16.145.6,五级事件,2018-05-06,21:15:27,2018-05-06,22:05:28,6,北京分中心,ICBC_APP_LOG_ERROR: script freechild.sh idcard_80.16.145.6 run error,已关闭,Log
客户证书,ICBC_APP_LOG_ERROR,ICBC_APP_LOG_ERROR,hostname,30.16.145.116,五级事件,2018-05-06,21:15:27,2018-05-06,22:15:28,7,北京分中心,ICBC_APP_LOG_ERROR: script freechild.sh tokendb_80.16.145.116 run error,已关闭,Log
企业网上银行,ICBC_APP_LOG_ERROR,ICBC_APP_LOG_ERROR,hostname,30.56.145.20,五级事件,2018-05-06,21:15:27,2018-05-07,06:15:32,55,北京分中心,ICBC_APP_LOG_ERROR: script freechild.sh corpnode_80.56.145.20 run error,已关闭,Log
客户证书,ICBC_APP_LOG_ERROR,ICBC_APP_LOG_ERROR,hostname,30.16.145.6,五级事件,2018-05-06,21:15:27,2018-05-06,22:05:28,6,北京分中心,ICBC_APP_LOG_ERROR: script buf_cache_child.sh idcard_80.16.145.6 run error,已关闭,Log
客户证书,ICBC_APP_LOG_ERROR,ICBC_APP_LOG_ERROR,hostname,30.16.145.6,五级事件,2018-05-06,21:15:27,2018-05-06,22:05:28,6,北京分中心,ICBC_APP_LOG_ERROR: script lib_cache_child.sh idcard_80.16.145.6 run error,已关闭,Log
企业网上银行,ICBC_APP_LOG_ERROR,ICBC_APP_LOG_ERROR,hostname,30.56.145.20,五级事件,2018-05-06,21:15:27,2018-05-07,06:15:32,55,北京分中心,ICBC_APP_LOG_ERROR: script lib_cache_child.sh corpnode_80.56.145.20 run error,已关闭,Log
企业网上银行,ICBC_APP_LOG_ERROR,ICBC_APP_LOG_ERROR,hostname,30.56.145.20,五级事件,2018-05-06,21:15:27,2018-05-07,06:15:32,55,北京分中心,ICBC_APP_LOG_ERROR: script buf_cache_child.sh corpnode_80.56.145.20 run error,已关闭,Log
客户证书,ICBC_APP_LOG_ERROR,ICBC_APP_LOG_ERROR,hostname,30.16.145.116,五级事件,2018-05-06,21:15:27,2018-05-06,22:05:28,6,北京分中心,ICBC_APP_LOG_ERROR: script lib_cache_child.sh tokendb_80.16.145.116 run error,已关闭,Log
企业网上银行,ICBC_APP_LOG_ERROR,ICBC_APP_LOG_ERROR,hostname,30.56.145.20,五级事件,2018-05-06,21:20:27,2018-05-07,06:20:32,37,北京分中心,ICBC_APP_LOG_ERROR: script asm_space_child.sh asm_80.56.145.20 run error,已关闭,Log
客户证书,ICBC_APP_LOG_ERROR,ICBC_APP_LOG_ERROR,hostname,30.16.145.6,五级事件,2018-05-06,21:23:27,2018-05-06,22:03:27,3,北京分中心,ICBC_APP_LOG_ERROR: script pgachild.sh idcard_80.16.145.6 run error,已关闭,Log
客户证书,ICBC_APP_LOG_ERROR,ICBC_APP_LOG_ERROR,hostname,30.16.145.116,五级事件,2018-05-06,21:23:27,2018-05-06,22:03:27,3,北京分中心,ICBC_APP_LOG_ERROR: script pgachild.sh tokendb_80.16.145.116 run error,已关闭,Log
企业网上银行,ICBC_APP_LOG_ERROR,ICBC_APP_LOG_ERROR,hostname,30.56.145.20,五级事件,2018-05-06,21:23:27,2018-05-07,06:03:32,27,北京分中心,ICBC_APP_LOG_ERROR: script pgachild.sh corpnode_80.56.145.20 run error,已关闭,Log
客户证书,ICBC_APP_LOG_ERROR,ICBC_APP_LOG_ERROR,hostname,30.16.145.6,五级事件,2018-05-06,21:30:27,2018-05-06,21:30:27,1,北京分中心,ICBC_APP_LOG_ERROR: script archivechild.sh idcard_80.16.145.6 run error,已关闭,Log
客户证书,ICBC_APP_LOG_ERROR,ICBC_APP_LOG_ERROR,hostname,30.16.145.116,五级事件,2018-05-06,21:30:27,2018-05-06,21:30:27,1,北京分中心,ICBC_APP_LOG_ERROR: script archivechild.sh tokendb_80.16.145.116 run error,已关闭,Log
企业网上银行,ICBC_APP_LOG_ERROR,ICBC_APP_LOG_ERROR,hostname,30.56.145.20,五级事件,2018-05-06,21:30:27,2018-05-07,05:30:32,9,北京分中心,ICBC_APP_LOG_ERROR: script archivechild.sh corpnode_80.56.145.20 run error,已关闭,Log
企业网上银行,ICBC_APP_LOG_ERROR,ICBC_APP_LOG_ERROR,hostname,30.56.145.20,五级事件,2018-05-07,06:16:32,2018-05-07,06:16:32,1,北京分中心,ICBC_APP_LOG_ERROR: spacechild.sh corpnode_80.56.145.20 run error,已关闭,Log
企业网上银行,ICBC_APP_LOG_ERROR,ICBC_APP_LOG_ERROR,hostname,30.56.145.20,五级事件,2018-05-07,06:40:32,2018-05-07,06:40:32,1,北京分中心,ICBC_APP_LOG_ERROR: 80.56.145.20 has been restart,已关闭,Log
移动即时通讯平台,ICBC_APP_LOG_ERROR,ICBC_APP_LOG_ERROR,hostname,20.255.65.1,五级事件,2018-05-07,10:24:34,2018-05-07,10:24:34,1,北京分中心,ICBC_APP_LOG_ERROR: 10.255.65.1 MIMSDB1 process resource usage high now 100%,已关闭,Log
移动即时通讯平台,ICBC_APP_LOG_ERROR,ICBC_APP_LOG_ERROR,hostname,20.255.65.1,五级事件,2018-05-07,10:28:34,2018-05-07,10:28:34,1,北京分中心,ICBC_APP_LOG_ERROR: 10.255.65.1 MIMSDB1 process resource usage high now 99%,已关闭,Log
移动即时通讯平台,ICBC_APP_LOG_ERROR,ICBC_APP_LOG_ERROR,hostname,20.255.65.1,五级事件,2018-05-07,10:30:35,2018-05-07,10:30:35,1,北京分中心,ICBC_APP_LOG_ERROR: script archivechild.sh MIMSDB1_10.255.65.1 run error,已关闭,Log
移动即时通讯平台,ICBC_APP_LOG_ERROR,ICBC_APP_LOG_ERROR,hostname,20.255.65.1,五级事件,2018-05-07,10:32:35,2018-05-07,10:32:35,1,北京分中心,ICBC_APP_LOG_ERROR: 10.255.65.1 MIMSDB1 process resource usage high now 92%,已关闭,Log
客户证书,ICBC_APP_LOG_ERROR,ICBC_APP_LOG_ERROR,hostname,30.16.145.6,五级事件,2018-05-07,19:06:10,2018-05-07,19:54:11,13,北京分中心,ICBC_APP_LOG_ERROR: script sessionchild.sh idcard_80.16.145.6 run error,已关闭,Log
客户证书,ICBC_APP_LOG_ERROR,ICBC_APP_LOG_ERROR,hostname,30.16.145.6,五级事件,2018-05-07,19:08:10,2018-05-07,19:53:41,10,北京分中心,ICBC_APP_LOG_ERROR: script undochild.sh idcard_80.16.145.6 run error,已关闭,Log
客户证书,ICBC_APP_LOG_ERROR,ICBC_APP_LOG_ERROR,hostname,30.16.145.6,五级事件,2018-05-07,19:15:40,2018-05-07,19:55:41,5,北京分中心,ICBC_APP_LOG_ERROR: script freechild.sh idcard_80.16.145.6 run error,已关闭,Log
客户证书,ICBC_APP_LOG_ERROR,ICBC_APP_LOG_ERROR,hostname,30.16.145.6,五级事件,2018-05-07,19:15:40,2018-05-07,19:55:41,5,北京分中心,ICBC_APP_LOG_ERROR: script lib_cache_child.sh idcard_80.16.145.6 run error,已关闭,Log
客户证书,ICBC_APP_LOG_ERROR,ICBC_APP_LOG_ERROR,hostname,30.16.145.6,五级事件,2018-05-07,19:15:40,2018-05-07,19:55:41,5,北京分中心,ICBC_APP_LOG_ERROR: script dict_cache_child.sh idcard_80.16.145.6 run error,已关闭,Log
客户证书,ICBC_APP_LOG_ERROR,ICBC_APP_LOG_ERROR,hostname,30.16.145.6,五级事件,2018-05-07,19:15:40,2018-05-07,19:55:41,5,北京分中心,ICBC_APP_LOG_ERROR: script buf_cache_child.sh idcard_80.16.145.6 run error,已关闭,Log
客户证书,ICBC_APP_LOG_ERROR,ICBC_APP_LOG_ERROR,hostname,30.16.145.6,五级事件,2018-05-07,19:23:40,2018-05-07,19:43:41,2,北京分中心,ICBC_APP_LOG_ERROR: script pgachild.sh idcard_80.16.145.6 run error,已关闭,Log
客户证书,ICBC_APP_LOG_ERROR,ICBC_APP_LOG_ERROR,hostname,30.16.145.6,五级事件,2018-05-07,19:30:10,2018-05-07,19:30:10,1,北京分中心,ICBC_APP_LOG_ERROR: script archivechild.sh idcard_80.16.145.6 run error,已关闭,Log
电话银行中心,ICBC_APP_LOG_ATTENTION,ICBC_APP_LOG_ATTENTION,hostname,30.7.83.39,六级事件,2018-05-07,21:13:41,2018-05-07,21:13:41,1,北京分中心,ICBC_APP_LOG_ATTENTION: 80.7.83.39 monitor database now share pool size 278M free size 32M,已关闭,Log
电话银行中心,ICBC_APP_LOG_ATTENTION,ICBC_APP_LOG_ATTENTION,hostname,30.7.83.39,六级事件,2018-05-07,21:23:41,2018-05-07,21:23:41,1,北京分中心,ICBC_APP_LOG_ATTENTION: 80.7.83.39 monitor database now share pool size 278M free size 31M,已关闭,Log
移动即时通讯平台,ICBC_APP_LOG_ERROR,ICBC_APP_LOG_ERROR,hostname,20.258.65.7,五级事件,2018-05-08,00:30:13,2018-05-08,00:30:13,1,北京分中心,ICBC_APP_LOG_ERROR: 10.251.65.7 DG_MPDB_LOG ASM usage is high now 85.1%,已关闭,Log
移动即时通讯平台,ICBC_APP_LOG_ERROR,ICBC_APP_LOG_ERROR,hostname,20.258.65.7,五级事件,2018-05-08,00:45:13,2018-05-08,00:45:13,1,北京分中心,ICBC_APP_LOG_ERROR: 10.251.65.7 DG_MPDB_LOG ASM usage is high now 85.3%,已关闭,Log
移动即时通讯平台,ICBC_APP_LOG_ERROR,ICBC_APP_LOG_ERROR,hostname,20.258.65.7,五级事件,2018-05-08,01:00:43,2018-05-08,01:00:43,1,北京分中心,ICBC_APP_LOG_ERROR: 10.251.65.7 DG_MPDB_LOG ASM usage is high now 85.4%,已关闭,Log
移动即时通讯平台,ICBC_APP_LOG_ERROR,ICBC_APP_LOG_ERROR,hostname,20.258.65.7,五级事件,2018-05-08,01:15:14,2018-05-08,01:30:44,2,北京分中心,ICBC_APP_LOG_ERROR: 10.251.65.7 DG_MPDB_LOG ASM usage is high now 85.5%,已关闭,Log
移动即时通讯平台,ICBC_APP_LOG_ERROR,ICBC_APP_LOG_ERROR,hostname,20.258.65.7,五级事件,2018-05-08,01:45:14,2018-05-08,01:45:14,1,北京分中心,ICBC_APP_LOG_ERROR: 10.251.65.7 DG_MPDB_LOG ASM usage is high now 85.8%,已关闭,Log
移动即时通讯平台,ICBC_APP_LOG_ERROR,ICBC_APP_LOG_ERROR,hostname,20.258.65.7,五级事件,2018-05-08,02:00:44,2018-05-08,02:00:44,1,北京分中心,ICBC_APP_LOG_ERROR: 10.251.65.7 DG_MPDB_LOG ASM usage is high now 85.9%,已关闭,Log
移动即时通讯平台,ICBC_APP_LOG_ERROR,ICBC_APP_LOG_ERROR,hostname,20.258.65.7,五级事件,2018-05-08,02:15:14,2018-05-08,02:15:14,1,北京分中心,ICBC_APP_LOG_ERROR: 10.251.65.7 DG_MPDB_LOG ASM usage is high now 86.5%,已关闭,Log
移动即时通讯平台,ICBC_APP_LOG_ERROR,ICBC_APP_LOG_ERROR,hostname,20.258.65.7,五级事件,2018-05-08,02:30:14,2018-05-08,02:30:14,1,北京分中心,ICBC_APP_LOG_ERROR: 10.251.65.7 DG_MPDB_LOG ASM usage is high now 86.7%,已关闭,Log
移动即时通讯平台,ICBC_APP_LOG_ERROR,ICBC_APP_LOG_ERROR,hostname,20.258.65.7,五级事件,2018-05-08,02:45:14,2018-05-08,02:45:14,1,北京分中心,ICBC_APP_LOG_ERROR: 10.251.65.7 DG_MPDB_LOG ASM usage is high now 87.1%,已关闭,Log
移动即时通讯平台,ICBC_APP_LOG_ERROR,ICBC_APP_LOG_ERROR,hostname,20.258.65.7,五级事件,2018-05-08,03:00:14,2018-05-08,03:00:14,1,北京分中心,ICBC_APP_LOG_ERROR: 10.251.65.7 DG_MPDB_LOG ASM usage is high now 87.4%,已关闭,Log
移动即时通讯平台,ICBC_APP_LOG_ERROR,ICBC_APP_LOG_ERROR,hostname,20.258.65.7,五级事件,2018-05-08,03:15:15,2018-05-08,03:15:15,1,北京分中心,ICBC_APP_LOG_ERROR: 10.251.65.7 DG_MPDB_LOG ASM usage is high now 87.6%,已关闭,Log
移动即时通讯平台,ICBC_APP_LOG_ERROR,ICBC_APP_LOG_ERROR,hostname,20.258.65.7,五级事件,2018-05-08,03:30:15,2018-05-08,03:30:15,1,北京分中心,ICBC_APP_LOG_ERROR: 10.251.65.7 DG_MPDB_LOG ASM usage is high now 87.7%,已关闭,Log
移动即时通讯平台,ICBC_APP_LOG_ERROR,ICBC_APP_LOG_ERROR,hostname,20.258.65.7,五级事件,2018-05-08,03:45:15,2018-05-08,03:45:15,1,北京分中心,ICBC_APP_LOG_ERROR: 10.251.65.7 DG_MPDB_LOG ASM usage is high now 88%,已关闭,Log
移动即时通讯平台,ICBC_APP_LOG_ERROR,ICBC_APP_LOG_ERROR,hostname,20.258.65.7,五级事件,2018-05-08,04:00:15,2018-05-08,04:00:15,1,北京分中心,ICBC_APP_LOG_ERROR: 10.251.65.7 DG_MPDB_LOG ASM usage is high now 88.1%,已关闭,Log
移动即时通讯平台,ICBC_APP_LOG_ERROR,ICBC_APP_LOG_ERROR,hostname,20.258.65.7,五级事件,2018-05-08,04:15:15,2018-05-08,04:15:15,1,北京分中心,ICBC_APP_LOG_ERROR: 10.251.65.7 DG_MPDB_LOG ASM usage is high now 88.2%,已关闭,Log
移动即时通讯平台,ICBC_APP_LOG_ERROR,ICBC_APP_LOG_ERROR,hostname,20.258.65.7,五级事件,2018-05-08,04:30:15,2018-05-08,04:30:15,1,北京分中心,ICBC_APP_LOG_ERROR: 10.251.65.7 DG_MPDB_LOG ASM usage is high now 88.3%,已关闭,Log
移动即时通讯平台,ICBC_APP_LOG_ERROR,ICBC_APP_LOG_ERROR,hostname,20.258.65.7,五级事件,2018-05-08,04:45:16,2018-05-08,05:00:46,2,北京分中心,ICBC_APP_LOG_ERROR: 10.251.65.7 DG_MPDB_LOG ASM usage is high now 88.4%,已关闭,Log
移动即时通讯平台,ICBC_APP_LOG_ERROR,ICBC_APP_LOG_ERROR,hostname,20.258.65.7,五级事件,2018-05-08,05:15:16,2018-05-08,05:15:16,1,北京分中心,ICBC_APP_LOG_ERROR: 10.251.65.7 DG_MPDB_LOG ASM usage is high now 88.5%,已关闭,Log
移动即时通讯平台,ICBC_APP_LOG_ERROR,ICBC_APP_LOG_ERROR,hostname,20.258.65.7,五级事件,2018-05-08,05:30:16,2018-05-08,05:45:16,2,北京分中心,ICBC_APP_LOG_ERROR: 10.251.65.7 DG_MPDB_LOG ASM usage is high now 88.7%,已关闭,Log
移动即时通讯平台,ICBC_APP_LOG_ERROR,ICBC_APP_LOG_ERROR,hostname,20.258.65.7,五级事件,2018-05-08,06:00:46,2018-05-08,06:00:46,1,北京分中心,ICBC_APP_LOG_ERROR: 10.251.65.7 DG_MPDB_LOG ASM usage is high now 88.8%,已关闭,Log
移动即时通讯平台,ICBC_APP_LOG_ERROR,ICBC_APP_LOG_ERROR,hostname,20.258.65.7,五级事件,2018-05-08,06:15:17,2018-05-08,06:15:17,1,北京分中心,ICBC_APP_LOG_ERROR: 10.251.65.7 DG_MPDB_LOG ASM usage is high now 88.9%,已关闭,Log
移动即时通讯平台,ICBC_APP_LOG_ERROR,ICBC_APP_LOG_ERROR,hostname,20.258.65.7,五级事件,2018-05-08,06:30:47,2018-05-08,06:30:47,1,北京分中心,ICBC_APP_LOG_ERROR: 10.251.65.7 DG_MPDB_LOG ASM usage is high now 89%,已关闭,Log
移动即时通讯平台,ICBC_APP_LOG_ERROR,ICBC_APP_LOG_ERROR,hostname,20.258.65.7,五级事件,2018-05-08,06:45:17,2018-05-08,06:45:17,1,北京分中心,ICBC_APP_LOG_ERROR: 10.251.65.7 DG_MPDB_LOG ASM usage is high now 89.2%,已关闭,Log
移动即时通讯平台,ICBC_APP_LOG_ERROR,ICBC_APP_LOG_ERROR,hostname,20.258.65.7,五级事件,2018-05-08,07:00:17,2018-05-08,07:00:17,1,北京分中心,ICBC_APP_LOG_ERROR: 10.251.65.7 DG_MPDB_LOG ASM usage is high now 89.4%,已关闭,Log
移动办公管理,ICBC_APP_LOG_ERROR,ICBC_APP_LOG_ERROR,hostname,30.25.30.115,五级事件,2018-05-08,15:34:22,2018-05-08,16:06:22,9,北京分中心,ICBC_APP_LOG_ERROR: script sessionchild.sh mccpdb_80.25.30.115 run error,已关闭,Log
移动办公管理,ICBC_APP_LOG_ERROR,ICBC_APP_LOG_ERROR,hostname,30.25.30.115,五级事件,2018-05-08,15:38:22,2018-05-08,16:03:52,6,北京分中心,ICBC_APP_LOG_ERROR: script undochild.sh mccpdb_80.25.30.115 run error,已关闭,Log
移动办公管理,ICBC_APP_LOG_ERROR,ICBC_APP_LOG_ERROR,hostname,30.25.30.115,五级事件,2018-05-08,15:43:52,2018-05-08,16:03:52,2,北京分中心,ICBC_APP_LOG_ERROR: script pgachild.sh mccpdb_80.25.30.115 run error,已关闭,Log
移动办公管理,ICBC_APP_LOG_ERROR,ICBC_APP_LOG_ERROR,hostname,30.25.30.115,五级事件,2018-05-08,15:45:52,2018-05-08,16:05:52,3,北京分中心,ICBC_APP_LOG_ERROR: script freechild.sh mccpdb_80.25.30.115 run error,已关闭,Log
移动办公管理,ICBC_APP_LOG_ERROR,ICBC_APP_LOG_ERROR,hostname,30.25.30.115,五级事件,2018-05-08,15:45:52,2018-05-08,16:05:52,3,北京分中心,ICBC_APP_LOG_ERROR: script buf_cache_child.sh mccpdb_80.25.30.115 run error,已关闭,Log
移动办公管理,ICBC_APP_LOG_ERROR,ICBC_APP_LOG_ERROR,hostname,30.25.30.115,五级事件,2018-05-08,15:45:52,2018-05-08,16:05:52,3,北京分中心,ICBC_APP_LOG_ERROR: script dict_cache_child.sh mccpdb_80.25.30.115 run error,已关闭,Log
移动办公管理,ICBC_APP_LOG_ERROR,ICBC_APP_LOG_ERROR,hostname,30.25.30.115,五级事件,2018-05-08,15:45:52,2018-05-08,16:05:52,3,北京分中心,ICBC_APP_LOG_ERROR: script lib_cache_child.sh mccpdb_80.25.30.115 run error,已关闭,Log
移动即时通讯平台,ICBC_APP_LOG_ERROR,ICBC_APP_LOG_ERROR,hostname,20.258.65.7,五级事件,2018-05-09,03:00:58,2018-05-09,03:00:58,1,北京分中心,ICBC_APP_LOG_ERROR: 10.251.65.7 DG_MPDB_LOG ASM usage is high now 85%,已关闭,Log
移动即时通讯平台,ICBC_APP_LOG_ERROR,ICBC_APP_LOG_ERROR,hostname,20.258.65.7,五级事件,2018-05-09,03:15:28,2018-05-09,03:15:28,1,北京分中心,ICBC_APP_LOG_ERROR: 10.251.65.7 DG_MPDB_LOG ASM usage is high now 85.3%,已关闭,Log
移动即时通讯平台,ICBC_APP_LOG_ERROR,ICBC_APP_LOG_ERROR,hostname,20.258.65.7,五级事件,2018-05-09,03:30:28,2018-05-09,03:30:28,1,北京分中心,ICBC_APP_LOG_ERROR: 10.251.65.7 DG_MPDB_LOG ASM usage is high now 85.4%,已关闭,Log
移动即时通讯平台,ICBC_APP_LOG_ERROR,ICBC_APP_LOG_ERROR,hostname,20.258.65.7,五级事件,2018-05-09,03:45:28,2018-05-09,03:45:28,1,北京分中心,ICBC_APP_LOG_ERROR: 10.251.65.7 DG_MPDB_LOG ASM usage is high now 85.7%,已关闭,Log
移动即时通讯平台,ICBC_APP_LOG_ERROR,ICBC_APP_LOG_ERROR,hostname,20.258.65.7,五级事件,2018-05-09,04:00:28,2018-05-09,04:00:28,1,北京分中心,ICBC_APP_LOG_ERROR: 10.251.65.7 DG_MPDB_LOG ASM usage is high now 85.9%,已关闭,Log
手机银行,ICBC_APP_LOG_ATTENTION,ICBC_APP_LOG_ATTENTION,hostname,30.16.145.81,六级事件,2018-05-10,01:25:40,2018-05-10,01:25:40,1,北京分中心,ICBC_APP_LOG_ATTENTION: WAPDB no avaliable online log group,已关闭,Log
手机银行,ICBC_APP_LOG_ATTENTION,ICBC_APP_LOG_ATTENTION,hostname,30.16.145.81,六级事件,2018-05-10,04:25:12,2018-05-10,04:25:42,2,北京分中心,ICBC_APP_LOG_ATTENTION: WAPDB no avaliable online log group,已关闭,Log
门户网站,ICBC_APP_LOG_ATTENTION,ICBC_APP_LOG_ATTENTION,hostname,30.28.89.27,六级事件,2018-05-10,06:25:43,2018-05-10,06:25:43,1,北京分中心,ICBC_APP_LOG_ATTENTION: nportalc no avaliable online log group,已关闭,Log
移动即时通讯平台,ICBC_APP_LOG_ERROR,ICBC_APP_LOG_ERROR,hostname,20.258.65.7,五级事件,2018-05-10,07:15:14,2018-05-10,07:15:14,1,北京分中心,ICBC_APP_LOG_ERROR: 10.251.65.7 DG_MPDB_LOG ASM usage is high now 85.1%,已关闭,Log
移动即时通讯平台,ICBC_APP_LOG_ERROR,ICBC_APP_LOG_ERROR,hostname,20.258.65.7,五级事件,2018-05-10,07:30:14,2018-05-10,07:30:14,1,北京分中心,ICBC_APP_LOG_ERROR: 10.251.65.7 DG_MPDB_LOG ASM usage is high now 85.3%,已关闭,Log
移动即时通讯平台,ICBC_APP_LOG_ERROR,ICBC_APP_LOG_ERROR,hostname,20.258.65.7,五级事件,2018-05-10,07:45:14,2018-05-10,07:45:14,1,北京分中心,ICBC_APP_LOG_ERROR: 10.251.65.7 DG_MPDB_LOG ASM usage is high now 85.5%,已关闭,Log
移动即时通讯平台,ICBC_APP_LOG_ERROR,ICBC_APP_LOG_ERROR,hostname,20.258.65.7,五级事件,2018-05-10,08:00:14,2018-05-10,08:00:14,1,北京分中心,ICBC_APP_LOG_ERROR: 10.251.65.7 DG_MPDB_LOG ASM usage is high now 85.7%,已关闭,Log
移动即时通讯平台,ICBC_APP_LOG_ERROR,ICBC_APP_LOG_ERROR,hostname,20.258.65.7,五级事件,2018-05-10,08:15:14,2018-05-10,08:15:14,1,北京分中心,ICBC_APP_LOG_ERROR: 10.251.65.7 DG_MPDB_LOG ASM usage is high now 86%,已关闭,Log
移动即时通讯平台,ICBC_APP_LOG_ERROR,ICBC_APP_LOG_ERROR,hostname,20.258.65.7,五级事件,2018-05-10,08:30:14,2018-05-10,08:30:14,1,北京分中心,ICBC_APP_LOG_ERROR: 10.251.65.7 DG_MPDB_LOG ASM usage is high now 86.3%,已关闭,Log
移动即时通讯平台,ICBC_APP_LOG_ERROR,ICBC_APP_LOG_ERROR,hostname,20.258.65.7,五级事件,2018-05-10,08:45:15,2018-05-10,08:45:15,1,北京分中心,ICBC_APP_LOG_ERROR: 10.251.65.7 DG_MPDB_LOG ASM usage is high now 86.6%,已关闭,Log
移动即时通讯平台,ICBC_APP_LOG_ERROR,ICBC_APP_LOG_ERROR,hostname,20.258.65.7,五级事件,2018-05-10,09:00:15,2018-05-10,09:00:15,1,北京分中心,ICBC_APP_LOG_ERROR: 10.251.65.7 DG_MPDB_LOG ASM usage is high now 87.1%,已关闭,Log
个人网上银行,ICBC_APP_LOG_ERROR,ICBC_APP_LOG_ERROR,hostname,20.240.34.155,五级事件,2018-05-10,12:10:16,2018-05-10,12:10:16,1,北京分中心,ICBC_APP_LOG_ERROR: 10.240.34.155 has been restart,已关闭,Log
个人网上银行,ICBC_APP_LOG_ERROR,ICBC_APP_LOG_ERROR,hostname,20.240.34.153,五级事件,2018-05-10,12:10:16,2018-05-10,12:10:16,1,北京分中心,ICBC_APP_LOG_ERROR: 10.240.34.153 has been restart,已关闭,Log
个人网上银行,ICBC_APP_LOG_ERROR,ICBC_APP_LOG_ERROR,hostname,20.240.34.147,五级事件,2018-05-10,12:10:16,2018-05-10,12:10:16,1,北京分中心,ICBC_APP_LOG_ERROR: 10.240.34.147 has been restart,已关闭,Log
个人网上银行,ICBC_APP_LOG_ERROR,ICBC_APP_LOG_ERROR,hostname,20.240.34.149,五级事件,2018-05-10,12:10:16,2018-05-10,12:10:16,1,北京分中心,ICBC_APP_LOG_ERROR: 10.240.34.149 has been restart,已关闭,Log
个人网上银行,ICBC_APP_LOG_ERROR,ICBC_APP_LOG_ERROR,hostname,20.240.34.150,五级事件,2018-05-10,12:10:16,2018-05-10,12:10:16,1,北京分中心,ICBC_APP_LOG_ERROR: 10.240.34.150 has been restart,已关闭,Log
个人网上银行,ICBC_APP_LOG_ERROR,ICBC_APP_LOG_ERROR,hostname,20.240.34.152,五级事件,2018-05-10,12:10:16,2018-05-10,12:10:16,1,北京分中心,ICBC_APP_LOG_ERROR: 10.240.34.152 has been restart,已关闭,Log
个人网上银行,ICBC_APP_LOG_ERROR,ICBC_APP_LOG_ERROR,hostname,20.240.34.148,五级事件,2018-05-10,12:10:16,2018-05-10,12:10:16,1,北京分中心,ICBC_APP_LOG_ERROR: 10.240.34.148 has been restart,已关闭,Log
个人网上银行,ICBC_APP_LOG_ERROR,ICBC_APP_LOG_ERROR,hostname,20.240.34.157,五级事件,2018-05-10,12:10:17,2018-05-10,12:10:17,1,北京分中心,ICBC_APP_LOG_ERROR: 10.240.34.157 has been restart,已关闭,Log
个人网上银行,ICBC_APP_LOG_ERROR,ICBC_APP_LOG_ERROR,hostname,20.240.34.158,五级事件,2018-05-10,12:10:17,2018-05-10,12:10:17,1,北京分中心,ICBC_APP_LOG_ERROR: 10.240.34.158 has been restart,已关闭,Log
个人网上银行,ICBC_APP_LOG_ERROR,ICBC_APP_LOG_ERROR,hostname,20.240.34.159,五级事件,2018-05-10,12:10:17,2018-05-10,12:10:17,1,北京分中心,ICBC_APP_LOG_ERROR: 10.240.34.159 has been restart,已关闭,Log
个人网上银行,ICBC_APP_LOG_ERROR,ICBC_APP_LOG_ERROR,hostname,20.240.34.156,五级事件,2018-05-10,12:10:17,2018-05-10,12:10:17,1,北京分中心,ICBC_APP_LOG_ERROR: 10.240.34.156 has been restart,已关闭,Log
个人网上银行,ICBC_APP_LOG_ERROR,ICBC_APP_LOG_ERROR,hostname,20.240.34.154,五级事件,2018-05-10,12:10:17,2018-05-10,12:10:17,1,北京分中心,ICBC_APP_LOG_ERROR: 10.240.34.154 has been restart,已关闭,Log
个人网上银行,ICBC_APP_LOG_ERROR,ICBC_APP_LOG_ERROR,hostname,20.240.34.151,五级事件,2018-05-10,12:10:17,2018-05-10,12:10:17,1,北京分中心,ICBC_APP_LOG_ERROR: 10.240.34.151 has been restart,已关闭,Log
网络管理,ICBC_APP_LOG_ATTENTION,ICBC_APP_LOG_ATTENTION,hostname,30.7.19.3,六级事件,2018-05-10,12:25:17,2018-05-10,12:25:17,1,北京分中心,ICBC_APP_LOG_ATTENTION: NETCOOL no avaliable online log group,已关闭,Log
个人网上银行,ICBC_APP_LOG_ERROR,ICBC_APP_LOG_ERROR,hostname,20.240.50.147,五级事件,2018-05-10,12:25:17,2018-05-10,12:25:17,1,北京分中心,ICBC_APP_LOG_ERROR: 10.240.50.147 has been restart,已关闭,Log
个人网上银行,ICBC_APP_LOG_ERROR,ICBC_APP_LOG_ERROR,hostname,20.240.50.151,五级事件,2018-05-10,12:25:17,2018-05-10,12:25:17,1,北京分中心,ICBC_APP_LOG_ERROR: 10.240.50.151 has been restart,已关闭,Log
个人网上银行,ICBC_APP_LOG_ERROR,ICBC_APP_LOG_ERROR,hostname,20.240.50.149,五级事件,2018-05-10,12:25:17,2018-05-10,12:25:17,1,北京分中心,ICBC_APP_LOG_ERROR: 10.240.50.149 has been restart,已关闭,Log
个人网上银行,ICBC_APP_LOG_ERROR,ICBC_APP_LOG_ERROR,hostname,20.240.50.153,五级事件,2018-05-10,12:25:17,2018-05-10,12:25:17,1,北京分中心,ICBC_APP_LOG_ERROR: 10.240.50.153 has been restart,已关闭,Log
个人网上银行,ICBC_APP_LOG_ERROR,ICBC_APP_LOG_ERROR,hostname,20.240.50.155,五级事件,2018-05-10,12:25:17,2018-05-10,12:25:17,1,北京分中心,ICBC_APP_LOG_ERROR: 10.240.50.155 has been restart,已关闭,Log
个人网上银行,ICBC_APP_LOG_ERROR,ICBC_APP_LOG_ERROR,hostname,20.240.50.152,五级事件,2018-05-10,12:25:17,2018-05-10,12:25:17,1,北京分中心,ICBC_APP_LOG_ERROR: 10.240.50.152 has been restart,已关闭,Log
个人网上银行,ICBC_APP_LOG_ERROR,ICBC_APP_LOG_ERROR,hostname,20.240.50.154,五级事件,2018-05-10,12:25:17,2018-05-10,12:25:17,1,北京分中心,ICBC_APP_LOG_ERROR: 10.240.50.154 has been restart,已关闭,Log
个人网上银行,ICBC_APP_LOG_ERROR,ICBC_APP_LOG_ERROR,hostname,20.240.50.150,五级事件,2018-05-10,12:25:17,2018-05-10,12:25:17,1,北京分中心,ICBC_APP_LOG_ERROR: 10.240.50.150 has been restart,已关闭,Log
个人网上银行,ICBC_APP_LOG_ERROR,ICBC_APP_LOG_ERROR,hostname,20.240.50.156,五级事件,2018-05-10,12:25:17,2018-05-10,12:25:17,1,北京分中心,ICBC_APP_LOG_ERROR: 10.240.50.156 has been restart,已关闭,Log
个人网上银行,ICBC_APP_LOG_ERROR,ICBC_APP_LOG_ERROR,hostname,20.240.50.158,五级事件,2018-05-10,12:25:17,2018-05-10,12:25:17,1,北京分中心,ICBC_APP_LOG_ERROR: 10.240.50.158 has been restart,已关闭,Log
个人网上银行,ICBC_APP_LOG_ERROR,ICBC_APP_LOG_ERROR,hostname,20.240.50.159,五级事件,2018-05-10,12:25:17,2018-05-10,12:25:17,1,北京分中心,ICBC_APP_LOG_ERROR: 10.240.50.159 has been restart,已关闭,Log
个人网上银行,ICBC_APP_LOG_ERROR,ICBC_APP_LOG_ERROR,hostname,20.240.50.157,五级事件,2018-05-10,12:25:17,2018-05-10,12:25:17,1,北京分中心,ICBC_APP_LOG_ERROR: 10.240.50.157 has been restart,已关闭,Log
个人网上银行,ICBC_APP_LOG_ERROR,ICBC_APP_LOG_ERROR,hostname,20.240.50.148,五级事件,2018-05-10,12:25:17,2018-05-10,12:25:17,1,北京分中心,ICBC_APP_LOG_ERROR: 10.240.50.148 has been restart,已关闭,Log
移动即时通讯平台,ICBC_APP_LOG_ERROR,ICBC_APP_LOG_ERROR,hostname,20.255.65.1,五级事件,2018-05-10,17:12:20,2018-05-10,17:12:20,1,北京分中心,ICBC_APP_LOG_ERROR: 10.255.65.1 MIMSDB1 process resource usage high now 93%,已关闭,Log
软件分发与补丁管理,ICBC_APP_LOG_ATTENTION,ICBC_APP_LOG_ATTENTION,hostname,30.7.83.72,六级事件,2018-05-10,19:13:51,2018-05-10,19:13:51,1,北京分中心,ICBC_APP_LOG_ATTENTION: 80.7.83.72 truth database now share pool size 928M free size 65M,已关闭,Log
手机银行,ICBC_APP_LOG_ATTENTION,ICBC_APP_LOG_ATTENTION,hostname,20.255.89.1,六级事件,2018-05-11,01:25:24,2018-05-11,01:25:24,1,北京分中心,ICBC_APP_LOG_ATTENTION: WAPDB no avaliable online log group,已关闭,Log
银企互联,ICBC_APP_LOG_ERROR,ICBC_APP_LOG_ERROR,hostname,20.243.17.151,五级事件,2018-05-11,02:10:24,2018-05-11,02:10:24,1,北京分中心,ICBC_APP_LOG_ERROR: 10.243.17.151 has been restart,已关闭,Log
银企互联,ICBC_APP_LOG_ERROR,ICBC_APP_LOG_ERROR,hostname,20.243.17.161,五级事件,2018-05-11,02:10:24,2018-05-11,02:10:24,1,北京分中心,ICBC_APP_LOG_ERROR: 10.243.17.161 has been restart,已关闭,Log
门户网站,ICBC_APP_LOG_ATTENTION,ICBC_APP_LOG_ATTENTION,hostname,30.28.89.27,六级事件,2018-05-11,06:25:27,2018-05-11,06:25:27,1,北京分中心,ICBC_APP_LOG_ATTENTION: nportalc no avaliable online log group,已关闭,Log
手机银行,ICBC_APP_LOG_ERROR,ICBC_APP_LOG_ERROR,hostname,30.16.168.85,五级事件,2018-05-11,10:18:29,2018-05-11,10:18:29,1,北京分中心,ICBC_APP_LOG_ERROR: script sessionchild.sh WAPDB_80.16.161.85 run error,已关闭,Log
手机银行,ICBC_APP_LOG_ERROR,ICBC_APP_LOG_ERROR,hostname,30.16.168.85,五级事件,2018-05-11,10:20:59,2018-05-11,10:32:29,2,北京分中心,ICBC_APP_LOG_ERROR: 80.16.161.85 WAPDB process resource usage high now 99%,已关闭,Log
手机银行,ICBC_APP_LOG_ERROR,ICBC_APP_LOG_ERROR,hostname,30.16.168.85,五级事件,2018-05-11,10:24:29,2018-05-11,10:28:29,2,北京分中心,ICBC_APP_LOG_ERROR: 80.16.161.85 WAPDB process resource usage high now 98%,已关闭,Log
移动即时通讯平台,ICBC_APP_LOG_ERROR,ICBC_APP_LOG_ERROR,hostname,20.255.65.6,五级事件,2018-05-12,03:15:10,2018-05-12,03:15:10,1,北京分中心,ICBC_APP_LOG_ERROR: 10.255.65.6 DG_MPDB_LOG ASM usage is high now 85%,已关闭,Log
移动即时通讯平台,ICBC_APP_LOG_ERROR,ICBC_APP_LOG_ERROR,hostname,20.255.65.6,五级事件,2018-05-12,03:30:40,2018-05-12,03:30:40,1,北京分中心,ICBC_APP_LOG_ERROR: 10.255.65.6 DG_MPDB_LOG ASM usage is high now 85.1%,已关闭,Log
移动即时通讯平台,ICBC_APP_LOG_ERROR,ICBC_APP_LOG_ERROR,hostname,20.258.65.7,五级事件,2018-05-12,03:45:10,2018-05-12,03:45:10,1,北京分中心,ICBC_APP_LOG_ERROR: 10.251.65.7 DG_MPDB_LOG ASM usage is high now 85%,已关闭,Log
手机银行,ICBC_APP_LOG_ATTENTION,ICBC_APP_LOG_ATTENTION,hostname,30.16.145.81,六级事件,2018-05-12,04:25:40,2018-05-12,04:25:40,1,北京分中心,ICBC_APP_LOG_ATTENTION: WAPDB no avaliable online log group,已关闭,Log
企业网上银行 银企互联,ICBC_OraLogAD_CRS,ICBC_OraLogAD_CRS,br0m03,30.56.145.15,五级事件,2018-05-12,17:56:36,2018-05-12,18:17:26,7,北京分中心,ICBC_OraLogAD_CRS: CRS-5818:Aborted command check for resource ora.oc4j.,已关闭,LOG
企业网上银行 银企互联,ICBC_OraLogAD_CRS,ICBC_OraLogAD_CRS,br0m03,30.56.145.15,五级事件,2018-05-12,17:58:06,2018-05-12,18:10:43,13,北京分中心,ICBC_OraLogAD_CRS: CRS-5818:Aborted command check for resource ora.LISTENER.lsnr.,已关闭,LOG
企业网上银行 银企互联,ICBC_APP_LOG_ERROR,ICBC_APP_LOG_ERROR,hostname,30.56.145.15,五级事件,2018-05-12,18:02:48,2018-05-12,18:10:18,3,北京分中心,ICBC_APP_LOG_ERROR: script sessionchild.sh corpnew1 run time > 2,已关闭,Log
企业网上银行 银企互联,ICBC_APP_LOG_ERROR,ICBC_APP_LOG_ERROR,hostname,30.56.145.15,五级事件,2018-05-12,18:03:48,2018-05-12,18:08:18,2,北京分中心,ICBC_APP_LOG_ERROR: script tempchild.sh corpnew1 run time > 5,已关闭,Log
企业网上银行 银企互联,ICBC_OraLogAD_CRS,ICBC_OraLogAD_CRS,br0m03,30.56.145.15,五级事件,2018-05-12,18:09:43,2018-05-12,18:09:43,1,北京分中心,ICBC_OraLogAD_CRS: CRS-5818:Aborted command check for resource ora.drivers.acfs.,已关闭,LOG
企业网上银行 银企互联,ICBC_APP_LOG_ERROR,ICBC_APP_LOG_ERROR,hostname,30.56.145.15,五级事件,2018-05-12,18:10:18,2018-05-12,18:10:18,1,北京分中心,ICBC_APP_LOG_ERROR: script /oradata/jkjc/bin/zhubeitongbu/orastandchild.sh 80.56.145.15 run time > 3,已关闭,Log
企业网上银行 银企互联,ICBC_APP_LOG_ERROR,ICBC_APP_LOG_ERROR,hostname,30.56.145.16,五级事件,2018-05-12,18:11:18,2018-05-12,18:11:18,1,北京分中心,ICBC_APP_LOG_ERROR: script tablespacechild.sh corpnew2 run time > 6,已关闭,Log
企业网上银行 银企互联,ICBC_APP_LOG_ERROR,ICBC_APP_LOG_ERROR,hostname,30.56.145.15,五级事件,2018-05-12,18:11:18,2018-05-12,18:11:18,1,北京分中心,ICBC_APP_LOG_ERROR: script tablespacechild.sh corpnew1 run time > 6,已关闭,Log
企业网上银行 银企互联,ICBC_OraLogAD_CRS,ICBC_OraLogAD_CRS,br0m03,30.56.145.15,五级事件,2018-05-12,18:12:56,2018-05-12,18:12:56,1,北京分中心,ICBC_OraLogAD_CRS: CRS-5818:Aborted command check for resource ora.net1.network.,已关闭,LOG
企业网上银行 银企互联,ICBC_APP_LOG_ERROR,ICBC_APP_LOG_ERROR,hostname,30.56.145.15,五级事件,2018-05-12,18:18:18,2018-05-12,19:53:49,20,北京分中心,ICBC_APP_LOG_ERROR: script undochild.sh corpnew1_80.56.145.15 run error,已关闭,Log
企业网上银行 银企互联,ICBC_APP_LOG_ERROR,ICBC_APP_LOG_ERROR,hostname,30.56.145.15,五级事件,2018-05-12,18:18:18,2018-05-12,19:54:19,25,北京分中心,ICBC_APP_LOG_ERROR: script sessionchild.sh corpnew1_80.56.145.15 run error,已关闭,Log
企业网上银行 银企互联,ICBC_APP_LOG_ERROR,ICBC_APP_LOG_ERROR,hostname,30.56.145.15,五级事件,2018-05-12,18:20:18,2018-05-12,19:50:19,7,北京分中心,ICBC_APP_LOG_ERROR: script asm_space_child.sh ASM1_80.56.145.15 run error,已关闭,Log
企业网上银行 银企互联,ICBC_APP_LOG_ERROR,ICBC_APP_LOG_ERROR,hostname,30.56.145.15,五级事件,2018-05-12,18:23:48,2018-05-12,19:43:49,5,北京分中心,ICBC_APP_LOG_ERROR: script pgachild.sh corpnew1_80.56.145.15 run error,已关闭,Log
企业网上银行 银企互联,ICBC_APP_LOG_ERROR,ICBC_APP_LOG_ERROR,hostname,30.56.145.15,五级事件,2018-05-12,18:25:18,2018-05-12,19:45:19,9,北京分中心,ICBC_APP_LOG_ERROR: script asm_sharepool_child.sh ASM1_80.56.145.15 run error,已关闭,Log
企业网上银行 银企互联,ICBC_APP_LOG_ERROR,ICBC_APP_LOG_ERROR,hostname,30.56.145.15,五级事件,2018-05-12,18:25:48,2018-05-12,19:55:49,10,北京分中心,ICBC_APP_LOG_ERROR: script dict_cache_child.sh corpnew1_80.56.145.15 run error,已关闭,Log
企业网上银行 银企互联,ICBC_APP_LOG_ERROR,ICBC_APP_LOG_ERROR,hostname,30.56.145.15,五级事件,2018-05-12,18:25:48,2018-05-12,19:55:19,10,北京分中心,ICBC_APP_LOG_ERROR: script freechild.sh corpnew1_80.56.145.15 run error,已关闭,Log
企业网上银行 银企互联,ICBC_APP_LOG_ERROR,ICBC_APP_LOG_ERROR,hostname,30.56.145.15,五级事件,2018-05-12,18:25:48,2018-05-12,19:55:49,10,北京分中心,ICBC_APP_LOG_ERROR: script buf_cache_child.sh corpnew1_80.56.145.15 run error,已关闭,Log
企业网上银行 银企互联,ICBC_APP_LOG_ERROR,ICBC_APP_LOG_ERROR,hostname,30.56.145.15,五级事件,2018-05-12,18:25:48,2018-05-12,19:55:49,10,北京分中心,ICBC_APP_LOG_ERROR: script lib_cache_child.sh corpnew1_80.56.145.15 run error,已关闭,Log
企业网上银行 银企互联,ICBC_APP_LOG_ERROR,ICBC_APP_LOG_ERROR,hostname,30.56.145.15,五级事件,2018-05-12,18:30:18,2018-05-12,19:30:19,2,北京分中心,ICBC_APP_LOG_ERROR: script archivechild.sh corpnew1_80.56.145.15 run error,已关闭,Log
企业网上银行 银企互联,ICBC_APP_LOG_ERROR,ICBC_APP_LOG_ERROR,hostname,30.56.145.15,五级事件,2018-05-12,19:55:19,2018-05-12,19:55:19,1,北京分中心,ICBC_APP_LOG_ERROR: 80.56.145.15 has been restart,已关闭,Log
个人网上银行,ICBC_APP_LOG_ERROR,ICBC_APP_LOG_ERROR,hostname,30.16.145.102,五级事件,2018-05-12,21:14:20,2018-05-12,21:14:20,1,北京分中心,ICBC_APP_LOG_ERROR: script sessionchild.sh logdb_80.16.145.102 run error,已关闭,Log
个人网上银行 工银e投资,ICBC_APP_LOG_ERROR,ICBC_APP_LOG_ERROR,hostname,30.16.145.126,五级事件,2018-05-12,21:14:20,2018-05-12,21:14:20,1,北京分中心,ICBC_APP_LOG_ERROR: script sessionchild.sh persondb_80.16.145.126 run error,已关闭,Log
个人网上银行,ICBC_APP_LOG_ERROR,ICBC_APP_LOG_ERROR,hostname,30.16.145.125,五级事件,2018-05-12,21:14:20,2018-05-12,21:14:20,1,北京分中心,ICBC_APP_LOG_ERROR: script sessionchild.sh logdb_80.16.145.125 run error,已关闭,Log
个人网上银行 工银e投资,ICBC_APP_LOG_ERROR,ICBC_APP_LOG_ERROR,hostname,30.16.145.89,五级事件,2018-05-12,21:14:20,2018-05-12,21:14:20,1,北京分中心,ICBC_APP_LOG_ERROR: script sessionchild.sh persondb_80.16.145.49 run error,已关闭,Log
Oracle数据库集中管理,ICBC_APP_LOG_ATTENTION,ICBC_APP_LOG_ATTENTION,hostname,30.7.19.19,六级事件,2018-05-13,01:13:52,2018-05-13,01:13:52,1,北京分中心,ICBC_APP_LOG_ATTENTION: 80.7.19.19 omr12c database now share pool size 1504M free size 98M,已关闭,Log
手机银行,ICBC_APP_LOG_ATTENTION,ICBC_APP_LOG_ATTENTION,hostname,30.16.145.81,六级事件,2018-05-13,01:25:22,2018-05-13,01:25:22,1,北京分中心,ICBC_APP_LOG_ATTENTION: WAPDB no avaliable online log group,已关闭,Log
企业网上银行(FOVA) 电子银行内部管理,ICBC_APP_LOG_ERROR,ICBC_APP_LOG_ERROR,hostname,30.16.168.185,五级事件,2018-05-13,03:00:53,2018-05-13,03:00:53,1,北京分中心,ICBC_APP_LOG_ERROR: 80.16.161.185 DG_ABIBCORM_DAT ASM usage is high now 80%,已关闭,Log
前台业务报表（CBRS）,ICBC_APP_LOG_ERROR,ICBC_APP_LOG_ERROR,hostname,85.0.33.28,五级事件,2018-05-13,17:50:32,2018-05-13,18:10:32,6,北京分中心,ICBC_APP_LOG_ERROR: script sessionchild.sh srpt_85.0.33.28 run error,已关闭,Log
前台业务报表（CBRS）,ICBC_APP_LOG_ERROR,ICBC_APP_LOG_ERROR,hostname,85.0.33.28,五级事件,2018-05-13,17:53:32,2018-05-13,18:08:32,4,北京分中心,ICBC_APP_LOG_ERROR: script undochild.sh srpt_85.0.33.28 run error,已关闭,Log
前台业务报表（CBRS）,ICBC_APP_LOG_ERROR,ICBC_APP_LOG_ERROR,hostname,85.0.33.28,五级事件,2018-05-13,17:55:32,2018-05-13,18:05:32,2,北京分中心,ICBC_APP_LOG_ERROR: script dict_cache_child.sh srpt_85.0.33.28 run error,已关闭,Log
前台业务报表（CBRS）,ICBC_APP_LOG_ERROR,ICBC_APP_LOG_ERROR,hostname,85.0.33.28,五级事件,2018-05-13,17:55:32,2018-05-13,18:05:32,2,北京分中心,ICBC_APP_LOG_ERROR: script freechild.sh srpt_85.0.33.28 run error,已关闭,Log
前台业务报表（CBRS）,ICBC_APP_LOG_ERROR,ICBC_APP_LOG_ERROR,hostname,85.0.33.28,五级事件,2018-05-13,17:55:32,2018-05-13,18:05:32,2,北京分中心,ICBC_APP_LOG_ERROR: script lib_cache_child.sh srpt_85.0.33.28 run error,已关闭,Log
前台业务报表（CBRS）,ICBC_APP_LOG_ERROR,ICBC_APP_LOG_ERROR,hostname,85.0.33.28,五级事件,2018-05-13,17:55:32,2018-05-13,18:05:32,2,北京分中心,ICBC_APP_LOG_ERROR: script buf_cache_child.sh srpt_85.0.33.28 run error,已关闭,Log
前台业务报表（CBRS）,ICBC_APP_LOG_ERROR,ICBC_APP_LOG_ERROR,hostname,85.0.33.28,五级事件,2018-05-13,18:03:32,2018-05-13,18:03:32,1,北京分中心,ICBC_APP_LOG_ERROR: script pgachild.sh srpt_85.0.33.28 run error,已关闭,Log
电话银行中心,ICBC_APP_LOG_ATTENTION,ICBC_APP_LOG_ATTENTION,hostname,30.7.83.39,六级事件,2018-05-13,22:50:05,2018-05-13,23:00:05,2,北京分中心,ICBC_APP_LOG_ATTENTION: 80.7.83.39 monitor database now share pool size 278M free size 31M,已关闭,Log
网络管理,ICBC_APP_LOG_ATTENTION,ICBC_APP_LOG_ATTENTION,hostname,30.7.19.3,六级事件,2018-05-14,12:25:13,2018-05-14,12:25:13,1,北京分中心,ICBC_APP_LOG_ATTENTION: NETCOOL no avaliable online log group,已关闭,Log
金融监管统计信息,ICBC_APP_LOG_ATTENTION,ICBC_APP_LOG_ATTENTION,hostname,30.24.248.5,六级事件,2018-05-15,01:19:50,2018-05-15,01:59:50,5,北京分中心,ICBC_APP_LOG_ATTENTION: 80.24.241.5 orc1 database now share pool size 808M free size 70M,已关闭,Log
工银e投资,ICBC_OraLogAD_CRS,ICBC_OraLogAD_CRS,pdccbfetadbs001,30.16.168.95,五级事件,2018-05-15,14:10:21,2018-05-15,14:10:21,1,北京分中心,ICBC_OraLogAD_CRS: CRS-5818:Aborted command check for resource ora.asm.,已关闭,LOG
工银e投资,ICBC_OraLogAD_CRS,ICBC_OraLogAD_CRS,pdccbfetadbs001,30.16.168.95,五级事件,2018-05-15,14:10:21,2018-05-15,14:10:21,1,北京分中心,ICBC_OraLogAD_CRS: CRS-5818:Aborted command check for resource ora.LISTENER.lsnr.,已关闭,LOG
门户网站,ICBC_APP_LOG_ATTENTION,ICBC_APP_LOG_ATTENTION,hostname,30.28.89.27,六级事件,2018-05-17,06:25:19,2018-05-17,06:25:19,1,北京分中心,ICBC_APP_LOG_ATTENTION: nportalc no avaliable online log group,已关闭,Log
个人网上银行,ICBC_APP_LOG_ERROR,ICBC_APP_LOG_ERROR,hostname,20.240.98.96,五级事件,2018-05-17,16:40:24,2018-05-17,16:40:24,1,北京分中心,ICBC_APP_LOG_ERROR: 10.240.98.96 has been restart,已关闭,Log
手机银行,ICBC_APP_LOG_ATTENTION,ICBC_APP_LOG_ATTENTION,hostname,30.16.145.81,六级事件,2018-05-18,04:25:30,2018-05-18,04:25:30,1,北京分中心,ICBC_APP_LOG_ATTENTION: WAPDB no avaliable online log group,已关闭,Log
手机银行,ICBC_APP_LOG_ATTENTION,ICBC_APP_LOG_ATTENTION,hostname,20.255.89.1,六级事件,2018-05-19,01:25:13,2018-05-19,01:25:13,2,北京分中心,ICBC_APP_LOG_ATTENTION: WAPDB no avaliable online log group,已关闭,Log
电子文件安全控制,ICBC_APP_LOG_ATTENTION,ICBC_APP_LOG_ATTENTION,hostname,30.25.30.87,六级事件,2018-05-20,06:29:57,2018-05-20,06:59:57,4,北京分中心,ICBC_APP_LOG_ATTENTION: 80.25.30.47 dsmdbebk database now share pool size 352M free size 37M,已关闭,Log
统一通信,ICBC_APP_LOG_ERROR,ICBC_APP_LOG_ERROR,hostname,30.29.86.32,五级事件,2018-05-20,16:38:32,2018-05-20,17:46:33,18,北京分中心,ICBC_APP_LOG_ERROR: script sessionchild.sh omsdb run time > 2,已关闭,Log
统一通信,ICBC_APP_LOG_ERROR,ICBC_APP_LOG_ERROR,hostname,30.29.86.32,五级事件,2018-05-20,16:41:32,2018-05-20,17:11:33,2,北京分中心,ICBC_APP_LOG_ERROR: script tablespacechild.sh omsdb run time > 6,已关闭,Log
统一通信,ICBC_APP_LOG_ERROR,ICBC_APP_LOG_ERROR,hostname,30.29.86.32,五级事件,2018-05-20,16:43:32,2018-05-20,17:43:33,13,北京分中心,ICBC_APP_LOG_ERROR: script tempchild.sh omsdb run time > 5,已关闭,Log
统一通信,ICBC_APP_LOG_ERROR,ICBC_APP_LOG_ERROR,hostname,30.29.86.32,五级事件,2018-05-20,16:43:32,2018-05-20,17:43:33,4,北京分中心,ICBC_APP_LOG_ERROR: script pgachild.sh omsdb run time > 3,已关闭,Log
统一通信,ICBC_APP_LOG_ERROR,ICBC_APP_LOG_ERROR,hostname,30.29.86.32,五级事件,2018-05-20,16:45:32,2018-05-20,17:25:33,5,北京分中心,ICBC_APP_LOG_ERROR: script freechild.sh omsdb_80.29.46.32 run time > 5,已关闭,Log
统一通信,ICBC_APP_LOG_ERROR,ICBC_APP_LOG_ERROR,hostname,30.29.86.32,五级事件,2018-05-20,16:45:32,2018-05-20,17:25:33,5,北京分中心,ICBC_APP_LOG_ERROR: script dict_cache_child.sh omsdb run time > 5,已关闭,Log
统一通信,ICBC_APP_LOG_ERROR,ICBC_APP_LOG_ERROR,hostname,30.29.86.32,五级事件,2018-05-20,16:45:32,2018-05-20,17:25:33,5,北京分中心,ICBC_APP_LOG_ERROR: script lib_cache_child.sh omsdb run time > 5,已关闭,Log
统一通信,ICBC_APP_LOG_ERROR,ICBC_APP_LOG_ERROR,hostname,30.29.86.32,五级事件,2018-05-20,16:45:32,2018-05-20,17:25:33,5,北京分中心,ICBC_APP_LOG_ERROR: script buf_cache_child.sh omsdb run time > 5,已关闭,Log
统一通信,ICBC_APP_LOG_ERROR,ICBC_APP_LOG_ERROR,hostname,30.29.86.32,五级事件,2018-05-20,16:55:33,2018-05-20,16:55:33,1,北京分中心,ICBC_APP_LOG_ERROR: script lib_cache_child.sh run time > 5,已关闭,Log
统一通信,ICBC_APP_LOG_ERROR,ICBC_APP_LOG_ERROR,hostname,30.29.86.32,五级事件,2018-05-20,17:10:33,2018-05-20,17:10:33,1,北京分中心,ICBC_APP_LOG_ERROR: script /oradata/jkjc/bin/zhubeitongbu/orastandchild.sh 80.29.46.32 run time > 3,已关闭,Log
统一通信,ICBC_APP_LOG_ERROR,ICBC_APP_LOG_ERROR,hostname,30.29.86.32,五级事件,2018-05-20,17:25:33,2018-05-20,17:25:33,1,北京分中心,ICBC_APP_LOG_ERROR: script buf_cache_child.sh run time > 5,已关闭,Log
统一通信,ICBC_APP_LOG_ERROR,ICBC_APP_LOG_ERROR,hostname,30.29.86.32,五级事件,2018-05-20,17:30:33,2018-05-20,17:30:33,1,北京分中心,ICBC_APP_LOG_ERROR: script archivechild.sh omsdb run time > 5,已关闭,Log
统一通信,ICBC_APP_LOG_ERROR,ICBC_APP_LOG_ERROR,hostname,30.29.86.32,五级事件,2018-05-20,17:35:33,2018-05-20,17:55:33,3,北京分中心,ICBC_APP_LOG_ERROR: script freechild.sh omsdb_80.29.46.32 run error,已关闭,Log
统一通信,ICBC_APP_LOG_ERROR,ICBC_APP_LOG_ERROR,hostname,30.29.86.32,五级事件,2018-05-20,17:35:33,2018-05-20,17:55:33,3,北京分中心,ICBC_APP_LOG_ERROR: script dict_cache_child.sh omsdb_80.29.46.32 run error,已关闭,Log
统一通信,ICBC_APP_LOG_ERROR,ICBC_APP_LOG_ERROR,hostname,30.29.86.32,五级事件,2018-05-20,17:35:33,2018-05-20,17:55:33,3,北京分中心,ICBC_APP_LOG_ERROR: script lib_cache_child.sh omsdb_80.29.46.32 run error,已关闭,Log
统一通信,ICBC_APP_LOG_ERROR,ICBC_APP_LOG_ERROR,hostname,30.29.86.32,五级事件,2018-05-20,17:35:33,2018-05-20,17:55:33,3,北京分中心,ICBC_APP_LOG_ERROR: script buf_cache_child.sh omsdb_80.29.46.32 run error,已关闭,Log
统一通信,ICBC_APP_LOG_ERROR,ICBC_APP_LOG_ERROR,hostname,30.29.86.32,五级事件,2018-05-20,17:48:33,2018-05-20,17:53:33,2,北京分中心,ICBC_APP_LOG_ERROR: script undochild.sh omsdb_80.29.46.32 run error,已关闭,Log
统一通信,ICBC_APP_LOG_ERROR,ICBC_APP_LOG_ERROR,hostname,30.29.86.32,五级事件,2018-05-20,17:50:33,2018-05-20,17:50:33,1,北京分中心,ICBC_APP_LOG_ERROR: script sessionchild.sh omsdb_80.29.46.32 run error,已关闭,Log
软件分发与补丁管理,ICBC_APP_LOG_ATTENTION,ICBC_APP_LOG_ATTENTION,hostname,30.7.83.72,六级事件,2018-05-20,19:20:04,2018-05-20,19:27:04,2,北京分中心,ICBC_APP_LOG_ATTENTION: 80.7.83.72 truth database now share pool size 928M free size 60M,已关闭,Log
手机银行,ICBC_APP_LOG_ATTENTION,ICBC_APP_LOG_ATTENTION,hostname,30.16.145.81,六级事件,2018-05-21,01:25:37,2018-05-21,03:25:38,3,北京分中心,ICBC_APP_LOG_ATTENTION: WAPDB no avaliable online log group,已关闭,Log
贵金属交易终端,ICBC_APP_LOG_ERROR,ICBC_APP_LOG_ERROR,hostname,20.243.8.182,五级事件,2018-05-21,08:25:11,2018-05-21,08:25:11,1,北京分中心,ICBC_APP_LOG_ERROR: 10.243.1.182 has been restart,已强制关闭,Log
贵金属交易终端,ICBC_APP_LOG_ERROR,ICBC_APP_LOG_ERROR,hostname,20.243.8.181,五级事件,2018-05-21,08:25:11,2018-05-21,08:25:11,1,北京分中心,ICBC_APP_LOG_ERROR: 10.243.1.181 has been restart,已强制关闭,Log
网络管理,ICBC_APP_LOG_ATTENTION,ICBC_APP_LOG_ATTENTION,hostname,30.7.19.3,六级事件,2018-05-21,12:25:14,2018-05-21,12:25:14,1,北京分中心,ICBC_APP_LOG_ATTENTION: NETCOOL no avaliable online log group,已关闭,Log
移动即时通讯平台,ICBC_APP_LOG_ATTENTION,ICBC_APP_LOG_ATTENTION,hostname,20.255.65.81,六级事件,2018-05-21,18:25:17,2018-05-21,18:25:17,2,北京分中心,ICBC_APP_LOG_ATTENTION: FRIRELDB1 no avaliable online log group,已关闭,Log
移动即时通讯平台,ICBC_APP_LOG_ATTENTION,ICBC_APP_LOG_ATTENTION,hostname,20.255.65.83,六级事件,2018-05-21,18:25:17,2018-05-21,18:25:17,2,北京分中心,ICBC_APP_LOG_ATTENTION: FRIRELDB2 no avaliable online log group,已关闭,Log
应用监控,ICBC_APP_LOG_ATTENTION,ICBC_APP_LOG_ATTENTION,hostname,30.7.83.21,六级事件,2018-05-21,21:39:49,2018-05-21,21:59:49,4,北京分中心,ICBC_APP_LOG_ATTENTION: 80.7.83.21 mondb database now share pool size 695M free size 84M,已关闭,Log
手机银行,ICBC_APP_LOG_ATTENTION,ICBC_APP_LOG_ATTENTION,hostname,20.255.89.1,六级事件,2018-05-22,04:25:22,2018-05-22,04:25:22,1,北京分中心,ICBC_APP_LOG_ATTENTION: WAPDB no avaliable online log group,已关闭,Log
应用监控,ICBC_APP_LOG_ERROR,ICBC_APP_LOG_ERROR,hostname,30.7.83.21,五级事件,2018-05-22,22:14:31,2018-05-22,22:14:31,1,北京分中心,ICBC_APP_LOG_ERROR: script sessionchild.sh mondb run time > 2,已关闭,Log
网络管理,ICBC_APP_LOG_ATTENTION,ICBC_APP_LOG_ATTENTION,hostname,30.7.19.3,六级事件,2018-05-23,12:25:09,2018-05-23,12:25:09,1,北京分中心,ICBC_APP_LOG_ATTENTION: NETCOOL no avaliable online log group,已关闭,Log
视频会议管理系统,ICBC_APP_LOG_ERROR,ICBC_APP_LOG_ERROR,hostname,30.20.28.14,五级事件,2018-05-23,23:10:15,2018-05-23,23:10:15,1,北京分中心,ICBC_APP_LOG_ERROR: 80.10.28.14 has been restart,已关闭,Log
